x,y
-5.1803,0.0
-4.9764,0.0
-4.7762,0.0
-4.5718,0.0
-4.3669,0.0
-4.1619,0.0
-3.9569,0.0
-3.7519,0.0
-3.5469,0.0
-3.3419,0.0
-3.1369,0.0
-2.9319,0.0
-2.7269,0.0
-2.5219,0.0
-2.3169,0.0
-2.1119,0.0
-1.9069,0.0
-1.7019,0.0
-1.4969,0.0
-1.2919,0.0
-1.0869,0.0
-0.8819,0.0
-0.6819,0.0
-0.4819,0.0
-0.2819,0.0
-0.0819,0.0
0.1231,0.0
0.3231,0.0
0.5231,0.0
0.7231,0.0
0.9231,0.0
1.1281,0.0
1.3331,0.0
1.5352,0.0
1.7363,0.0
1.9395,0.0
2.1444,0.0
2.349,0.0
2.555,0.0
2.7554,0.0
2.9565,0.0
3.1577,0.0
3.359,0.0
3.5603,0.0
3.7616,0.0
3.9629,0.0
4.1642,0.0
4.3655,0.0
4.5669,0.0
4.7682,0.0
4.9695,0.0
5.1708,0.0
5.3721,0.0
5.5734,0.0
5.7747,0.0
5.9761,0.0
6.1774,0.0
6.3787,0.0
6.58,0.0
6.7813,0.0
6.9826,0.0
7.1839,0.0
7.3853,0.0
7.5866,0.0
7.7879,0.0
7.9892,0.0
8.1905,0.0
8.3918,0.0
8.5931,0.0
8.7944,0.0
8.9958,0.0
9.1941,0.0288
9.3817,0.1009
9.5529,0.2063
9.702,0.3412
9.8237,0.5012
9.9141,0.6808
9.97,0.8738
9.9896,1.0739
9.9722,1.2742
9.9434,1.4732
9.9235,1.6736
9.9035,1.8739
9.8835,2.0742
9.8635,2.2745
9.8435,2.4748
9.8235,2.6752
9.8035,2.8755
9.7836,3.0758
9.7636,3.2761
9.7436,3.4764
9.7236,3.6768
9.7104,3.8774
9.7248,4.078
9.7293,4.2792
9.7338,4.4805
9.7383,4.6818
9.7428,4.883
9.7474,5.0843
9.7519,5.2856
9.7564,5.4868
9.7609,5.6881
9.7654,5.8893
9.7699,6.0906
9.7744,6.2919
9.7789,6.4931
9.7834,6.6944
9.788,6.8957
9.7925,7.0969
9.797,7.2982
9.8015,7.4995
9.7977,7.7004
9.7454,7.8945
9.6583,8.0756
9.5395,8.2378
9.393,8.3754
9.2237,8.4839
9.0374,8.5595
8.8405,8.5996
8.6394,8.6034
8.4384,8.6113
8.2373,8.6225
8.0363,8.6337
7.8353,8.6449
7.6343,8.6561
7.4333,8.6673
7.2322,8.6693
7.0309,8.6729
6.8296,8.6764
6.6284,8.68
6.4271,8.6835
6.2259,8.6817
6.0246,8.6794
5.8233,8.6773
5.622,8.6752
5.4207,8.6732
5.2194,8.6711
5.0181,8.669
4.8168,8.667
4.6155,8.6649
4.4142,8.6628
4.2129,8.6607
4.0116,8.6587
3.8103,8.6566
3.609,8.6545
3.4077,8.6525
3.2064,8.6504
3.005,8.6483
2.8037,8.6463
2.6024,8.6442
2.4011,8.6421
2.1998,8.64
1.9985,8.638
1.7972,8.6359
1.5959,8.6338
1.3946,8.6318
1.1933,8.6297
0.992,8.6276
0.7907,8.6256
0.5894,8.6235
0.3881,8.6214
0.1868,8.6193
-0.0145,8.6173
-0.2158,8.6152
-0.4171,8.6131
-0.6184,8.6111
-0.8197,8.609
-1.021,8.6069
-1.2223,8.6049
-1.4236,8.6028
-1.6249,8.6007
-1.8262,8.5986
-2.0275,8.5966
-2.2288,8.5945
-2.4301,8.5924
-2.6314,8.5904
-2.8327,8.5883
-3.034,8.5862
-3.2353,8.5842
-3.4367,8.5821
-3.638,8.58
-3.8393,8.5779
-4.0406,8.5759
-4.2419,8.5738
-4.4432,8.5717
-4.6445,8.5697
-4.8458,8.5676
-5.0471,8.5655
-5.2484,8.5635
-5.4497,8.5614
-5.651,8.5593
-5.8523,8.5572
-6.0536,8.5552
-6.2549,8.5531
-6.4562,8.551
-6.6575,8.549
-6.8588,8.5469
-7.0601,8.5448
-7.2614,8.5428
-7.4627,8.5407
-7.664,8.5386
-7.8653,8.5365
-8.0666,8.5345
-8.2679,8.5324
-8.4692,8.5303
-8.6705,8.5283
-8.8718,8.5262
-9.0731,8.5241
-9.2744,8.5221
-9.4757,8.52
-9.677,8.5179
-9.8784,8.5158
-10.0797,8.5138
-10.281,8.5117
-10.4823,8.5096
-10.6836,8.5076
-10.8849,8.5055
-11.0862,8.5034
-11.2875,8.5014
-11.4888,8.4993
-11.6901,8.4972
-11.8914,8.4952
-12.0927,8.4931
-12.294,8.491
-12.4953,8.4889
-12.6966,8.4869
-12.8979,8.4848
-13.0968,8.4603
-13.2853,8.3903
-13.4578,8.287
-13.6084,8.1539
-13.732,7.9954
-13.8245,7.8169
-13.8827,7.6245
-13.9047,7.4246
-13.8896,7.2242
-13.8611,7.0251
-13.842,6.8247
-13.823,6.6242
-13.8039,6.4238
-13.7848,6.2234
-13.7657,6.023
-13.7665,5.8225
-13.7715,5.6213
-13.7739,5.42
-13.7763,5.2187
-13.7788,5.0174
-13.7812,4.8161
-13.7837,4.6148
-13.7861,4.4135
-13.7885,4.2122
-13.791,4.0109
-13.7934,3.8096
-13.7959,3.6083
-13.7983,3.407
-13.8008,3.2057
-13.8032,3.0044
-13.8056,2.8031
-13.8081,2.6018
-13.8105,2.4005
-13.813,2.1992
-13.8154,1.9979
-13.8178,1.7966
-13.8203,1.5953
-13.8227,1.394
-13.8252,1.1927
-13.8276,0.9914
-13.8186,0.7908
-13.7614,0.5981
-13.6698,0.4191
-13.547,0.26
-13.397,0.1261
-13.2251,0.0219
-13.037,-0.049
-12.8391,-0.0842
-12.6381,-0.0825
-12.4382,-0.0596
-12.2372,-0.048
-12.0362,-0.0369
-11.836,-0.0558
-11.6349,-0.0657
-11.4339,-0.0756
-11.2328,-0.0855
-11.0317,-0.0954
-10.8307,-0.1054
-10.6296,-0.1153
-10.4285,-0.1252
-10.2275,-0.1351
-10.0264,-0.145
-9.8253,-0.155
-9.6242,-0.1649
-9.4232,-0.1748
-9.2221,-0.1847
-9.021,-0.1946
-8.82,-0.2045
-8.6189,-0.2145
-8.4178,-0.2244
-8.2168,-0.2343
-8.0157,-0.2442
-7.8146,-0.2541
-7.6136,-0.2641
-7.4125,-0.274
-7.2114,-0.2839
-7.0103,-0.2938
-6.8093,-0.3037
-6.6082,-0.3136
-6.4071,-0.3236
-6.2061,-0.3335
-6.005,-0.3434
-5.8039,-0.3533
-5.6029,-0.3632
-5.4018,-0.3732
