x,y,lap_time_s
3.7693047960696036,0.1213964784486834,3.9849910736083984
3.953467573294789,0.1450204071769433,3.9849910736083984
4.106170399129323,0.1651837978633311,3.9849910736083984
4.243052527861223,0.18791495763299873,3.9849910736083984
4.4718827217677015,0.18889832000215312,3.9849910736083984
4.676409635690401,0.189592357545085,3.9849910736083984
4.851729128893419,0.2071614403945005,3.9849910736083984
5.049500851582145,0.22312902701903342,3.9849910736083984
5.159843713391702,0.2366665454822111,3.9849910736083984
5.314573783948081,0.2750623662186486,3.9849910736083984
5.314573783948081,0.2750623662186486,3.9849910736083984
5.314573783948081,0.2750623662186486,3.9849910736083984
5.314573783948081,0.2750623662186486,3.9849910736083984
5.314573783948081,0.2750623662186486,3.9849910736083984
5.504326012476449,0.3086819499877062,3.9849910736083984
5.504326012476449,0.3086819499877062,3.9849910736083984
5.504326012476449,0.3086819499877062,3.9849910736083984
5.504326012476449,0.3086819499877062,3.9849910736083984
5.504326012476449,0.3086819499877062,3.9849910736083984
5.675784933545385,0.3466988001186551,3.9849910736083984
5.675784933545385,0.3466988001186551,3.9849910736083984
5.675784933545385,0.3466988001186551,3.9849910736083984
5.675784933545385,0.3466988001186551,3.9849910736083984
5.675784933545385,0.3466988001186551,3.9849910736083984
5.855610173577985,0.3786758909646502,3.9849910736083984
5.855610173577985,0.3786758909646502,3.9849910736083984
5.855610173577985,0.3786758909646502,3.9849910736083984
5.855610173577985,0.3786758909646502,3.9849910736083984
6.026861056443789,0.40845431480645517,3.9849910736083984
6.026861056443789,0.40845431480645517,3.9849910736083984
6.026861056443789,0.40845431480645517,3.9849910736083984
6.026861056443789,0.40845431480645517,3.9849910736083984
6.026861056443789,0.40845431480645517,3.9849910736083984
6.171668335849399,0.4341114541510248,3.9849910736083984
6.171668335849399,0.4341114541510248,3.9849910736083984
6.171668335849399,0.4341114541510248,3.9849910736083984
6.171668335849399,0.4341114541510248,3.9849910736083984
6.171668335849399,0.4341114541510248,3.9849910736083984
6.272793021168586,0.4358349955040995,3.9849910736083984
6.272793021168586,0.4358349955040995,3.9849910736083984
6.272793021168586,0.4358349955040995,3.9849910736083984
6.272793021168586,0.4358349955040995,3.9849910736083984
6.3126040259396206,0.4144034160026683,3.9849910736083984
6.3126040259396206,0.4144034160026683,3.9849910736083984
6.3126040259396206,0.4144034160026683,3.9849910736083984
6.3126040259396206,0.4144034160026683,3.9849910736083984
6.3126040259396206,0.4144034160026683,3.9849910736083984
6.327868883176898,0.39849208909709694,3.9849910736083984
6.327868883176898,0.39849208909709694,3.9849910736083984
6.327868883176898,0.39849208909709694,3.9849910736083984
6.327868883176898,0.39849208909709694,3.9849910736083984
6.327868883176898,0.39849208909709694,3.9849910736083984
6.327868883176898,0.39849208909709694,3.9849910736083984
6.327868883176898,0.39849208909709694,3.9849910736083984
6.357329947599883,0.3748310573396075,3.9849910736083984
6.357329947599883,0.3748310573396075,3.9849910736083984
6.357329947599883,0.3748310573396075,3.9849910736083984
6.357329947599883,0.3748310573396075,3.9849910736083984
6.3659030370810346,0.37576624826956606,3.9849910736083984
6.3659030370810346,0.37576624826956606,3.9849910736083984
6.3659030370810346,0.37576624826956606,3.9849910736083984
6.3659030370810346,0.37576624826956606,3.9849910736083984
6.3659030370810346,0.37576624826956606,3.9849910736083984
6.3659030370810346,0.37576624826956606,3.9849910736083984
6.3659030370810346,0.37576624826956606,3.9849910736083984
6.348700368658347,0.38297094868716575,3.9849910736083984
6.348700368658347,0.38297094868716575,3.9849910736083984
6.348700368658347,0.38297094868716575,3.9849910736083984
6.348700368658347,0.38297094868716575,3.9849910736083984
6.348700368658347,0.38297094868716575,3.9849910736083984
6.356333210134466,0.3898840300862123,3.9849910736083984
6.356333210134466,0.3898840300862123,3.9849910736083984
6.356333210134466,0.3898840300862123,3.9849910736083984
6.356333210134466,0.3898840300862123,3.9849910736083984
6.385858863903723,0.37248376258071786,3.9849910736083984
6.385858863903723,0.37248376258071786,3.9849910736083984
6.385858863903723,0.37248376258071786,3.9849910736083984
6.385858863903723,0.37248376258071786,3.9849910736083984
6.385858863903723,0.37248376258071786,3.9849910736083984
6.412638837385472,0.3522494811654314,3.9849910736083984
6.412638837385472,0.3522494811654314,3.9849910736083984
6.412638837385472,0.3522494811654314,3.9849910736083984
6.412638837385472,0.3522494811654314,3.9849910736083984
6.437596672059651,0.35344335491147294,3.9849910736083984
6.437596672059651,0.35344335491147294,3.9849910736083984
6.437596672059651,0.35344335491147294,3.9849910736083984
6.437596672059651,0.35344335491147294,3.9849910736083984
6.464787822752978,0.3537103802832101,3.9849910736083984
6.464787822752978,0.3537103802832101,3.9849910736083984
6.464787822752978,0.3537103802832101,3.9849910736083984
6.464787822752978,0.3537103802832101,3.9849910736083984
6.494142331721735,0.34447037875829567,3.9849910736083984
6.494142331721735,0.34447037875829567,3.9849910736083984
6.494142331721735,0.34447037875829567,3.9849910736083984
6.494142331721735,0.34447037875829567,3.9849910736083984
6.494142331721735,0.34447037875829567,3.9849910736083984
6.5042157316570215,0.3388642768618996,3.9849910736083984
6.5042157316570215,0.3388642768618996,3.9849910736083984
6.5042157316570215,0.3388642768618996,3.9849910736083984
6.5042157316570215,0.3388642768618996,3.9849910736083984
6.545103356023787,0.324949912212151,3.9849910736083984
6.545103356023787,0.324949912212151,3.9849910736083984
6.545103356023787,0.324949912212151,3.9849910736083984
6.633459063147463,0.3298295588002494,3.9849910736083984
6.633459063147463,0.3298295588002494,3.9849910736083984
6.633459063147463,0.3298295588002494,3.9849910736083984
6.633459063147463,0.3298295588002494,3.9849910736083984
6.633459063147463,0.3298295588002494,3.9849910736083984
6.677834185845704,0.32944969294658394,3.9849910736083984
6.677834185845704,0.32944969294658394,3.9849910736083984
6.677834185845704,0.32944969294658394,3.9849910736083984
6.677834185845704,0.32944969294658394,3.9849910736083984
6.725471492788516,0.3109680631384784,3.9849910736083984
6.725471492788516,0.3109680631384784,3.9849910736083984
6.725471492788516,0.3109680631384784,3.9849910736083984
6.725471492788516,0.3109680631384784,3.9849910736083984
6.725471492788516,0.3109680631384784,3.9849910736083984
6.7552009067116146,0.2799343866923176,3.9849910736083984
6.7552009067116146,0.2799343866923176,3.9849910736083984
6.7552009067116146,0.2799343866923176,3.9849910736083984
6.7552009067116146,0.2799343866923176,3.9849910736083984
6.7552009067116146,0.2799343866923176,3.9849910736083984
6.827216812805223,0.2496260299163083,3.9849910736083984
6.827216812805223,0.2496260299163083,3.9849910736083984
6.827216812805223,0.2496260299163083,3.9849910736083984
6.827216812805223,0.2496260299163083,3.9849910736083984
6.871448912366349,0.24002216478532526,3.9849910736083984
6.871448912366349,0.24002216478532526,3.9849910736083984
6.871448912366349,0.24002216478532526,3.9849910736083984
6.871448912366349,0.24002216478532526,3.9849910736083984
6.959985928960862,0.21446509832716437,3.9849910736083984
6.959985928960862,0.21446509832716437,3.9849910736083984
6.959985928960862,0.21446509832716437,3.9849910736083984
6.959985928960862,0.21446509832716437,3.9849910736083984
6.959985928960862,0.21446509832716437,3.9849910736083984
6.996223636014573,0.20277607927180183,3.9849910736083984
6.996223636014573,0.20277607927180183,3.9849910736083984
6.996223636014573,0.20277607927180183,3.9849910736083984
6.996223636014573,0.20277607927180183,3.9849910736083984
6.996223636014573,0.20277607927180183,3.9849910736083984
7.052887678715605,0.1796424341359876,3.9849910736083984
7.052887678715605,0.1796424341359876,3.9849910736083984
7.052887678715605,0.1796424341359876,3.9849910736083984
7.052887678715605,0.1796424341359876,3.9849910736083984
7.052887678715605,0.1796424341359876,3.9849910736083984
7.150828669643669,0.159644655419025,3.9849910736083984
7.150828669643669,0.159644655419025,3.9849910736083984
7.150828669643669,0.159644655419025,3.9849910736083984
7.150828669643669,0.159644655419025,3.9849910736083984
7.150828669643669,0.159644655419025,3.9849910736083984
7.228428121115077,0.1430481834336201,3.9849910736083984
7.228428121115077,0.1430481834336201,3.9849910736083984
7.228428121115077,0.1430481834336201,3.9849910736083984
7.228428121115077,0.1430481834336201,3.9849910736083984
7.321534695829306,0.11593387047270176,3.9849910736083984
7.321534695829306,0.11593387047270176,3.9849910736083984
7.321534695829306,0.11593387047270176,3.9849910736083984
7.321534695829306,0.11593387047270176,3.9849910736083984
7.321534695829306,0.11593387047270176,3.9849910736083984
7.397136958248878,0.08443573637196043,3.9849910736083984
7.397136958248878,0.08443573637196043,3.9849910736083984
7.397136958248878,0.08443573637196043,3.9849910736083984
7.397136958248878,0.08443573637196043,3.9849910736083984
7.397136958248878,0.08443573637196043,3.9849910736083984
7.492686527633874,0.06353121951903203,3.9849910736083984
7.492686527633874,0.06353121951903203,3.9849910736083984
7.492686527633874,0.06353121951903203,3.9849910736083984
7.492686527633874,0.06353121951903203,3.9849910736083984
7.551199565977604,0.056739284199357795,3.9849910736083984
7.551199565977604,0.056739284199357795,3.9849910736083984
7.551199565977604,0.056739284199357795,3.9849910736083984
7.551199565977604,0.056739284199357795,3.9849910736083984
7.621643726816363,0.04800763691375862,3.9849910736083984
7.621643726816363,0.04800763691375862,3.9849910736083984
7.621643726816363,0.04800763691375862,3.9849910736083984
7.621643726816363,0.04800763691375862,3.9849910736083984
7.621643726816363,0.04800763691375862,3.9849910736083984
7.621643726816363,0.04800763691375862,3.9849910736083984
7.716445612875787,0.05040482489764345,3.9849910736083984
7.716445612875787,0.05040482489764345,3.9849910736083984
7.716445612875787,0.05040482489764345,3.9849910736083984
7.716445612875787,0.05040482489764345,3.9849910736083984
7.765534131439442,0.0553029867211604,3.9849910736083984
7.765534131439442,0.0553029867211604,3.9849910736083984
7.765534131439442,0.0553029867211604,3.9849910736083984
7.765534131439442,0.0553029867211604,3.9849910736083984
7.765534131439442,0.0553029867211604,3.9849910736083984
7.830354307167147,0.04346788613923695,3.9849910736083984
7.830354307167147,0.04346788613923695,3.9849910736083984
7.830354307167147,0.04346788613923695,3.9849910736083984
7.830354307167147,0.04346788613923695,3.9849910736083984
7.8684862628908006,0.054416034704102854,3.9849910736083984
7.8684862628908006,0.054416034704102854,3.9849910736083984
7.8684862628908006,0.054416034704102854,3.9849910736083984
7.8684862628908006,0.054416034704102854,3.9849910736083984
7.8684862628908006,0.054416034704102854,3.9849910736083984
7.90415242171105,0.05796933405840417,3.9849910736083984
7.90415242171105,0.05796933405840417,3.9849910736083984
7.90415242171105,0.05796933405840417,3.9849910736083984
7.90415242171105,0.05796933405840417,3.9849910736083984
7.90415242171105,0.05796933405840417,3.9849910736083984
7.970757289668881,0.07457433256613058,3.9849910736083984
7.970757289668881,0.07457433256613058,3.9849910736083984
7.970757289668881,0.07457433256613058,3.9849910736083984
7.970757289668881,0.07457433256613058,3.9849910736083984
7.983043836789652,0.06993824125626026,3.9849910736083984
7.983043836789652,0.06993824125626026,3.9849910736083984
7.983043836789652,0.06993824125626026,3.9849910736083984
7.983043836789652,0.06993824125626026,3.9849910736083984
7.983043836789652,0.06993824125626026,3.9849910736083984
8.01604028782507,0.0780489523970218,3.9849910736083984
8.01604028782507,0.0780489523970218,3.9849910736083984
8.01604028782507,0.0780489523970218,3.9849910736083984
8.01604028782507,0.0780489523970218,3.9849910736083984
8.01604028782507,0.0780489523970218,3.9849910736083984
8.01604028782507,0.0780489523970218,3.9849910736083984
8.079040169701168,0.08816796071624079,3.9849910736083984
8.079040169701168,0.08816796071624079,3.9849910736083984
8.079040169701168,0.08816796071624079,3.9849910736083984
8.079040169701168,0.08816796071624079,3.9849910736083984
8.079040169701168,0.08816796071624079,3.9849910736083984
8.079040169701168,0.08816796071624079,3.9849910736083984
8.110966673769344,0.09305228104150841,3.9849910736083984
8.110966673769344,0.09305228104150841,3.9849910736083984
8.110966673769344,0.09305228104150841,3.9849910736083984
8.110966673769344,0.09305228104150841,3.9849910736083984
8.110966673769344,0.09305228104150841,3.9849910736083984
8.110966673769344,0.09305228104150841,3.9849910736083984
8.110966673769344,0.09305228104150841,3.9849910736083984
8.1699028134854,0.10011974446223194,3.9849910736083984
8.1699028134854,0.10011974446223194,3.9849910736083984
8.1699028134854,0.10011974446223194,3.9849910736083984
8.1699028134854,0.10011974446223194,3.9849910736083984
8.1699028134854,0.10011974446223194,3.9849910736083984
8.224298943742571,0.12720472453010243,3.9849910736083984
8.224298943742571,0.12720472453010243,3.9849910736083984
8.224298943742571,0.12720472453010243,3.9849910736083984
8.224298943742571,0.12720472453010243,3.9849910736083984
8.224298943742571,0.12720472453010243,3.9849910736083984
8.257213078462566,0.15210415339932037,3.9849910736083984
8.257213078462566,0.15210415339932037,3.9849910736083984
8.257213078462566,0.15210415339932037,3.9849910736083984
8.257213078462566,0.15210415339932037,3.9849910736083984
8.257213078462566,0.15210415339932037,3.9849910736083984
8.30265781635143,0.17735262010432637,3.9849910736083984
8.30265781635143,0.17735262010432637,3.9849910736083984
8.30265781635143,0.17735262010432637,3.9849910736083984
8.30265781635143,0.17735262010432637,3.9849910736083984
8.321054070202683,0.17908341582329246,3.9849910736083984
8.321054070202683,0.17908341582329246,3.9849910736083984
8.321054070202683,0.17908341582329246,3.9849910736083984
8.321054070202683,0.17908341582329246,3.9849910736083984
8.321054070202683,0.17908341582329246,3.9849910736083984
8.321054070202683,0.17908341582329246,3.9849910736083984
8.321054070202683,0.17908341582329246,3.9849910736083984
8.358157441707183,0.1814049861743685,3.9849910736083984
8.358157441707183,0.1814049861743685,3.9849910736083984
8.358157441707183,0.1814049861743685,3.9849910736083984
8.358157441707183,0.1814049861743685,3.9849910736083984
8.389452165773472,0.1898454709856386,3.9849910736083984
8.389452165773472,0.1898454709856386,3.9849910736083984
8.389452165773472,0.1898454709856386,3.9849910736083984
8.389452165773472,0.1898454709856386,3.9849910736083984
8.389452165773472,0.1898454709856386,3.9849910736083984
8.421651041494966,0.21190849649328855,3.9849910736083984
8.421651041494966,0.21190849649328855,3.9849910736083984
8.421651041494966,0.21190849649328855,3.9849910736083984
8.421651041494966,0.21190849649328855,3.9849910736083984
8.421651041494966,0.21190849649328855,3.9849910736083984
8.421651041494966,0.21190849649328855,3.9849910736083984
8.430513611374087,0.2400761595240181,3.9849910736083984
8.430513611374087,0.2400761595240181,3.9849910736083984
8.430513611374087,0.2400761595240181,3.9849910736083984
8.430513611374087,0.2400761595240181,3.9849910736083984
8.465677905730951,0.2554724849933618,3.9849910736083984
8.465677905730951,0.2554724849933618,3.9849910736083984
8.465677905730951,0.2554724849933618,3.9849910736083984
8.465677905730951,0.2554724849933618,3.9849910736083984
8.465677905730951,0.2554724849933618,3.9849910736083984
8.465677905730951,0.2554724849933618,3.9849910736083984
8.477710173218869,0.2603228154121875,3.9849910736083984
8.477710173218869,0.2603228154121875,3.9849910736083984
8.477710173218869,0.2603228154121875,3.9849910736083984
8.477710173218869,0.2603228154121875,3.9849910736083984
8.511960863126058,0.27833397660904136,3.9849910736083984
8.511960863126058,0.27833397660904136,3.9849910736083984
8.511960863126058,0.27833397660904136,3.9849910736083984
8.511960863126058,0.27833397660904136,3.9849910736083984
8.511960863126058,0.27833397660904136,3.9849910736083984
8.527764700745124,0.2971298927041036,3.9849910736083984
8.527764700745124,0.2971298927041036,3.9849910736083984
8.527764700745124,0.2971298927041036,3.9849910736083984
8.527764700745124,0.2971298927041036,3.9849910736083984
8.527764700745124,0.2971298927041036,3.9849910736083984
8.527764700745124,0.2971298927041036,3.9849910736083984
8.572111565965685,0.32192254710040485,3.9849910736083984
8.572111565965685,0.32192254710040485,3.9849910736083984
8.572111565965685,0.32192254710040485,3.9849910736083984
8.572111565965685,0.32192254710040485,3.9849910736083984
8.572111565965685,0.32192254710040485,3.9849910736083984
-13.444443195614719,-1.2326739703498157,3.9849910736083984
-13.444443195614719,-1.2326739703498157,3.9849910736083984
-13.444443195614719,-1.2326739703498157,3.9849910736083984
-13.444443195614719,-1.2326739703498157,3.9849910736083984
-13.444443195614719,-1.2326739703498157,3.9849910736083984
-13.705761346989732,-1.0707029868719131,3.9849910736083984
-13.705761346989732,-1.0707029868719131,3.9849910736083984
-13.705761346989732,-1.0707029868719131,3.9849910736083984
-13.705761346989732,-1.0707029868719131,3.9849910736083984
-13.734269936986518,-1.0852907646711365,3.9849910736083984
-13.734269936986518,-1.0852907646711365,3.9849910736083984
-13.734269936986518,-1.0852907646711365,3.9849910736083984
-13.734269936986518,-1.0852907646711365,3.9849910736083984
-13.734269936986518,-1.0852907646711365,3.9849910736083984
-13.740596457849351,-1.0981233854265104,3.9849910736083984
-13.740596457849351,-1.0981233854265104,3.9849910736083984
-13.740596457849351,-1.0981233854265104,3.9849910736083984
-13.740596457849351,-1.0981233854265104,3.9849910736083984
-13.74731018748963,-1.0967484769573874,3.9849910736083984
-13.74731018748963,-1.0967484769573874,3.9849910736083984
-13.74731018748963,-1.0967484769573874,3.9849910736083984
-13.74731018748963,-1.0967484769573874,3.9849910736083984
-13.751210588975198,-1.1018163370794327,3.9849910736083984
-13.751210588975198,-1.1018163370794327,3.9849910736083984
-13.751210588975198,-1.1018163370794327,3.9849910736083984
-13.751210588975198,-1.1018163370794327,3.9849910736083984
-13.749137906304039,-1.0945169020183878,3.9849910736083984
-13.749137906304039,-1.0945169020183878,3.9849910736083984
-13.749137906304039,-1.0945169020183878,3.9849910736083984
-13.749137906304039,-1.0945169020183878,3.9849910736083984
-13.749137906304039,-1.0945169020183878,3.9849910736083984
-13.749819174479443,-1.0918367642191031,3.9849910736083984
-13.749819174479443,-1.0918367642191031,3.9849910736083984
-13.749819174479443,-1.0918367642191031,3.9849910736083984
-13.749819174479443,-1.0918367642191031,3.9849910736083984
-13.743247149803846,-1.0741124539200684,3.9849910736083984
-13.743247149803846,-1.0741124539200684,3.9849910736083984
-13.743247149803846,-1.0741124539200684,3.9849910736083984
-13.743247149803846,-1.0741124539200684,3.9849910736083984
-13.734014397835452,-1.0558544803091479,3.9849910736083984
-13.734014397835452,-1.0558544803091479,3.9849910736083984
-13.734014397835452,-1.0558544803091479,3.9849910736083984
-13.734014397835452,-1.0558544803091479,3.9849910736083984
-13.73842715314614,-1.0333814363733083,3.9849910736083984
-13.73842715314614,-1.0333814363733083,3.9849910736083984
-13.73842715314614,-1.0333814363733083,3.9849910736083984
-13.73842715314614,-1.0333814363733083,3.9849910736083984
-13.742471311082207,-1.0195726394061715,3.9849910736083984
-13.742471311082207,-1.0195726394061715,3.9849910736083984
-13.742471311082207,-1.0195726394061715,3.9849910736083984
-13.742471311082207,-1.0195726394061715,3.9849910736083984
-13.752936314209185,-1.007173276756827,3.9849910736083984
-13.752936314209185,-1.007173276756827,3.9849910736083984
-13.752936314209185,-1.007173276756827,3.9849910736083984
-13.752936314209185,-1.007173276756827,3.9849910736083984
-13.752936314209185,-1.007173276756827,3.9849910736083984
-13.762642841687404,-1.0130102117479098,3.9849910736083984
-13.762642841687404,-1.0130102117479098,3.9849910736083984
-13.762642841687404,-1.0130102117479098,3.9849910736083984
-13.762642841687404,-1.0130102117479098,3.9849910736083984
-13.73896159561743,-0.9825672174870134,3.9849910736083984
-13.73896159561743,-0.9825672174870134,3.9849910736083984
-13.73896159561743,-0.9825672174870134,3.9849910736083984
-13.73896159561743,-0.9825672174870134,3.9849910736083984
-13.74423992253885,-0.9461034924744812,3.9849910736083984
-13.74423992253885,-0.9461034924744812,3.9849910736083984
-13.74423992253885,-0.9461034924744812,3.9849910736083984
-13.74423992253885,-0.9461034924744812,3.9849910736083984
-13.747141010300489,-0.9268553115785289,3.9849910736083984
-13.747141010300489,-0.9268553115785289,3.9849910736083984
-13.747141010300489,-0.9268553115785289,3.9849910736083984
-13.747141010300489,-0.9268553115785289,3.9849910736083984
-13.73428071017268,-0.8920335970325525,3.9849910736083984
-13.73428071017268,-0.8920335970325525,3.9849910736083984
-13.73428071017268,-0.8920335970325525,3.9849910736083984
-13.73428071017268,-0.8920335970325525,3.9849910736083984
-13.718707118298349,-0.8553235580569489,3.9849910736083984
-13.718707118298349,-0.8553235580569489,3.9849910736083984
-13.718707118298349,-0.8553235580569489,3.9849910736083984
-13.718707118298349,-0.8553235580569489,3.9849910736083984
-13.718707118298349,-0.8553235580569489,3.9849910736083984
-13.734655424563059,-0.8275711870826716,3.9849910736083984
-13.734655424563059,-0.8275711870826716,3.9849910736083984
-13.734655424563059,-0.8275711870826716,3.9849910736083984
-13.734655424563059,-0.8275711870826716,3.9849910736083984
-13.719117445262288,-0.8341337455571222,3.9849910736083984
-13.719117445262288,-0.8341337455571222,3.9849910736083984
-13.719117445262288,-0.8341337455571222,3.9849910736083984
-13.719117445262288,-0.8341337455571222,3.9849910736083984
-13.678468026522786,-0.7850171007307621,3.9849910736083984
-13.678468026522786,-0.7850171007307621,3.9849910736083984
-13.678468026522786,-0.7850171007307621,3.9849910736083984
-13.678468026522786,-0.7850171007307621,3.9849910736083984
-13.672866794215837,-0.7787045312946898,3.9849910736083984
-13.672866794215837,-0.7787045312946898,3.9849910736083984
-13.672866794215837,-0.7787045312946898,3.9849910736083984
-13.672866794215837,-0.7787045312946898,3.9849910736083984
-13.672866794215837,-0.7787045312946898,3.9849910736083984
-13.681109426417668,-0.7640010144526769,3.9849910736083984
-13.681109426417668,-0.7640010144526769,3.9849910736083984
-13.681109426417668,-0.7640010144526769,3.9849910736083984
-13.681109426417668,-0.7640010144526769,3.9849910736083984
-13.6361394215397,-0.7180512069999164,3.9849910736083984
-13.6361394215397,-0.7180512069999164,3.9849910736083984
-13.6361394215397,-0.7180512069999164,3.9849910736083984
-13.6361394215397,-0.7180512069999164,3.9849910736083984
-13.653096572371583,-0.70218501143929,3.9849910736083984
-13.653096572371583,-0.70218501143929,3.9849910736083984
-13.653096572371583,-0.70218501143929,3.9849910736083984
-13.653096572371583,-0.70218501143929,3.9849910736083984
-13.653096572371583,-0.70218501143929,3.9849910736083984
-13.656829851617482,-0.7012996464871382,3.9849910736083984
-13.656829851617482,-0.7012996464871382,3.9849910736083984
-13.656829851617482,-0.7012996464871382,3.9849910736083984
-13.6299465544858,-0.6478470814738228,3.9849910736083984
-13.6299465544858,-0.6478470814738228,3.9849910736083984
-13.6299465544858,-0.6478470814738228,3.9849910736083984
-13.6299465544858,-0.6478470814738228,3.9849910736083984
-13.58073592668512,-0.6781092837101221,3.9849910736083984
-13.58073592668512,-0.6781092837101221,3.9849910736083984
-13.58073592668512,-0.6781092837101221,3.9849910736083984
-13.58073592668512,-0.6781092837101221,3.9849910736083984
-13.582418105398062,-0.6514787755563298,3.9849910736083984
-13.582418105398062,-0.6514787755563298,3.9849910736083984
-13.582418105398062,-0.6514787755563298,3.9849910736083984
-13.582418105398062,-0.6514787755563298,3.9849910736083984
-13.581052808097139,-0.593213290896919,3.9849910736083984
-13.581052808097139,-0.593213290896919,3.9849910736083984
-13.581052808097139,-0.593213290896919,3.9849910736083984
-13.581052808097139,-0.593213290896919,3.9849910736083984
-13.579301546007743,-0.6029048942600171,3.9849910736083984
-13.579301546007743,-0.6029048942600171,3.9849910736083984
-13.579301546007743,-0.6029048942600171,3.9849910736083984
-13.579301546007743,-0.6029048942600171,3.9849910736083984
-13.579301546007743,-0.6029048942600171,3.9849910736083984
-13.584930609088746,-0.5602899720591697,3.9849910736083984
-13.584930609088746,-0.5602899720591697,3.9849910736083984
-13.584930609088746,-0.5602899720591697,3.9849910736083984
-13.584930609088746,-0.5602899720591697,3.9849910736083984
-13.584930609088746,-0.5602899720591697,3.9849910736083984
-13.584930609088746,-0.5602899720591697,3.9849910736083984
-13.584930609088746,-0.5602899720591697,3.9849910736083984
-13.574513360717441,-0.5300847185028156,3.9849910736083984
-13.574513360717441,-0.5300847185028156,3.9849910736083984
-13.574513360717441,-0.5300847185028156,3.9849910736083984
-13.574513360717441,-0.5300847185028156,3.9849910736083984
-13.574513360717441,-0.5300847185028156,3.9849910736083984
-13.574513360717441,-0.5300847185028156,3.9849910736083984
-13.574513360717441,-0.5300847185028156,3.9849910736083984
-13.521047547373284,-0.4939595849180972,3.9849910736083984
-13.521047547373284,-0.4939595849180972,3.9849910736083984
-13.521047547373284,-0.4939595849180972,3.9849910736083984
-13.521047547373284,-0.4939595849180972,3.9849910736083984
-13.521047547373284,-0.4939595849180972,3.9849910736083984
-13.521047547373284,-0.4939595849180972,3.9849910736083984
-13.521047547373284,-0.4939595849180972,3.9849910736083984
-13.521047547373284,-0.4939595849180972,3.9849910736083984
-13.521047547373284,-0.4939595849180972,3.9849910736083984
-13.521047547373284,-0.4939595849180972,3.9849910736083984
-13.521047547373284,-0.4939595849180972,3.9849910736083984
-13.521047547373284,-0.4939595849180972,3.9849910736083984
-13.521047547373284,-0.4939595849180972,3.9849910736083984
-13.451659714495118,-0.4774483664400692,3.9849910736083984
-13.451659714495118,-0.4774483664400692,3.9849910736083984
-13.451659714495118,-0.4774483664400692,3.9849910736083984
-13.451659714495118,-0.4774483664400692,3.9849910736083984
-13.451659714495118,-0.4774483664400692,3.9849910736083984
-13.451659714495118,-0.4774483664400692,3.9849910736083984
-13.451659714495118,-0.4774483664400692,3.9849910736083984
-13.451659714495118,-0.4774483664400692,3.9849910736083984
-13.451659714495118,-0.4774483664400692,3.9849910736083984
-13.451659714495118,-0.4774483664400692,3.9849910736083984
-13.451659714495118,-0.4774483664400692,3.9849910736083984
-13.415143683111248,-0.4238092439978575,3.9849910736083984
-13.415143683111248,-0.4238092439978575,3.9849910736083984
-13.415143683111248,-0.4238092439978575,3.9849910736083984
-13.415143683111248,-0.4238092439978575,3.9849910736083984
-13.415143683111248,-0.4238092439978575,3.9849910736083984
-13.415143683111248,-0.4238092439978575,3.9849910736083984
-13.415143683111248,-0.4238092439978575,3.9849910736083984
-13.415143683111248,-0.4238092439978575,3.9849910736083984
-13.415143683111248,-0.4238092439978575,3.9849910736083984
-13.34456543742931,-0.4053805051052589,3.9849910736083984
-13.34456543742931,-0.4053805051052589,3.9849910736083984
-13.34456543742931,-0.4053805051052589,3.9849910736083984
-13.34456543742931,-0.4053805051052589,3.9849910736083984
-13.34456543742931,-0.4053805051052589,3.9849910736083984
-13.266916277717717,-0.37664133893384677,3.9849910736083984
-13.266916277717717,-0.37664133893384677,3.9849910736083984
-13.266916277717717,-0.37664133893384677,3.9849910736083984
-13.266916277717717,-0.37664133893384677,3.9849910736083984
-13.266916277717717,-0.37664133893384677,3.9849910736083984
-13.252131600319508,-0.3348600231763406,3.9849910736083984
-13.252131600319508,-0.3348600231763406,3.9849910736083984
-13.252131600319508,-0.3348600231763406,3.9849910736083984
-13.252131600319508,-0.3348600231763406,3.9849910736083984
-13.252131600319508,-0.3348600231763406,3.9849910736083984
-13.252131600319508,-0.3348600231763406,3.9849910736083984
-13.228855044528258,-0.3313143486799063,3.9849910736083984
-13.228855044528258,-0.3313143486799063,3.9849910736083984
-13.228855044528258,-0.3313143486799063,3.9849910736083984
-13.228855044528258,-0.3313143486799063,3.9849910736083984
-13.19629428096297,-0.30124572451086723,3.9849910736083984
-13.19629428096297,-0.30124572451086723,3.9849910736083984
-13.19629428096297,-0.30124572451086723,3.9849910736083984
-13.19629428096297,-0.30124572451086723,3.9849910736083984
-13.19629428096297,-0.30124572451086723,3.9849910736083984
-13.19629428096297,-0.30124572451086723,3.9849910736083984
-13.19298914542637,-0.30945715704425153,3.9849910736083984
-13.19298914542637,-0.30945715704425153,3.9849910736083984
-13.19298914542637,-0.30945715704425153,3.9849910736083984
-13.19298914542637,-0.30945715704425153,3.9849910736083984
-13.151973037213414,-0.3036096937300432,3.9849910736083984
-13.151973037213414,-0.3036096937300432,3.9849910736083984
-13.151973037213414,-0.3036096937300432,3.9849910736083984
-13.151973037213414,-0.3036096937300432,3.9849910736083984
-13.151973037213414,-0.3036096937300432,3.9849910736083984
-13.151973037213414,-0.3036096937300432,3.9849910736083984
-13.154563213654606,-0.2920577424571436,3.9849910736083984
-13.154563213654606,-0.2920577424571436,3.9849910736083984
-13.154563213654606,-0.2920577424571436,3.9849910736083984
-13.072121034152094,-0.3007582576227492,3.9849910736083984
-13.072121034152094,-0.3007582576227492,3.9849910736083984
-13.072121034152094,-0.3007582576227492,3.9849910736083984
-13.072121034152094,-0.3007582576227492,3.9849910736083984
-13.037389459468976,-0.2959404765232036,3.9849910736083984
-13.037389459468976,-0.2959404765232036,3.9849910736083984
-13.037389459468976,-0.2959404765232036,3.9849910736083984
-13.037389459468976,-0.2959404765232036,3.9849910736083984
-13.031588928111656,-0.29585977929387264,3.9849910736083984
-13.031588928111656,-0.29585977929387264,3.9849910736083984
-13.031588928111656,-0.29585977929387264,3.9849910736083984
-13.031588928111656,-0.29585977929387264,3.9849910736083984
-12.99982551228874,-0.28903923393795666,3.9849910736083984
-12.99982551228874,-0.28903923393795666,3.9849910736083984
-12.99982551228874,-0.28903923393795666,3.9849910736083984
-12.99982551228874,-0.28903923393795666,3.9849910736083984
-12.96374902883708,-0.25166499212078225,3.9849910736083984
-12.96374902883708,-0.25166499212078225,3.9849910736083984
-12.96374902883708,-0.25166499212078225,3.9849910736083984
-12.96374902883708,-0.25166499212078225,3.9849910736083984
-12.94876864349526,-0.2333178573266088,3.9849910736083984
-12.94876864349526,-0.2333178573266088,3.9849910736083984
-12.94876864349526,-0.2333178573266088,3.9849910736083984
-12.94876864349526,-0.2333178573266088,3.9849910736083984
-12.903595164214462,-0.24954899478836937,3.9849910736083984
-12.903595164214462,-0.24954899478836937,3.9849910736083984
-12.903595164214462,-0.24954899478836937,3.9849910736083984
-12.903595164214462,-0.24954899478836937,3.9849910736083984
-12.844319906261626,-0.2327734742160485,3.9849910736083984
-12.844319906261626,-0.2327734742160485,3.9849910736083984
-12.844319906261626,-0.2327734742160485,3.9849910736083984
-12.844319906261626,-0.2327734742160485,3.9849910736083984
-12.844319906261626,-0.2327734742160485,3.9849910736083984
-12.820359734469013,-0.2618279018735001,3.9849910736083984
-12.820359734469013,-0.2618279018735001,3.9849910736083984
-12.820359734469013,-0.2618279018735001,3.9849910736083984
-12.820359734469013,-0.2618279018735001,3.9849910736083984
-12.820359734469013,-0.2618279018735001,3.9849910736083984
-12.787405599963149,-0.25910685784757476,3.9849910736083984
-12.787405599963149,-0.25910685784757476,3.9849910736083984
-12.787405599963149,-0.25910685784757476,3.9849910736083984
-12.787405599963149,-0.25910685784757476,3.9849910736083984
-12.770015358665136,-0.24795204129288462,3.9849910736083984
-12.770015358665136,-0.24795204129288462,3.9849910736083984
-12.770015358665136,-0.24795204129288462,3.9849910736083984
-12.770015358665136,-0.24795204129288462,3.9849910736083984
-12.737627006012243,-0.272800310184924,3.9849910736083984
-12.737627006012243,-0.272800310184924,3.9849910736083984
-12.737627006012243,-0.272800310184924,3.9849910736083984
-12.737627006012243,-0.272800310184924,3.9849910736083984
-12.737627006012243,-0.272800310184924,3.9849910736083984
-12.73995818303136,-0.2676500327131072,3.9849910736083984
-12.73995818303136,-0.2676500327131072,3.9849910736083984
-12.73995818303136,-0.2676500327131072,3.9849910736083984
-12.73995818303136,-0.2676500327131072,3.9849910736083984
-12.710127529619115,-0.2623745706853344,3.9849910736083984
-12.710127529619115,-0.2623745706853344,3.9849910736083984
-12.710127529619115,-0.2623745706853344,3.9849910736083984
-12.710127529619115,-0.2623745706853344,3.9849910736083984
-12.704995541799184,-0.2404401674695966,3.9849910736083984
-12.704995541799184,-0.2404401674695966,3.9849910736083984
-12.704995541799184,-0.2404401674695966,3.9849910736083984
-12.704995541799184,-0.2404401674695966,3.9849910736083984
-12.680741325622257,-0.24076363696240535,3.9849910736083984
-12.680741325622257,-0.24076363696240535,3.9849910736083984
-12.680741325622257,-0.24076363696240535,3.9849910736083984
-12.680741325622257,-0.24076363696240535,3.9849910736083984
-12.674928631498222,-0.24461800178036625,3.9849910736083984
-12.674928631498222,-0.24461800178036625,3.9849910736083984
-12.674928631498222,-0.24461800178036625,3.9849910736083984
-12.674928631498222,-0.24461800178036625,3.9849910736083984
-12.630565818808194,-0.23132511316409976,3.9849910736083984
-12.630565818808194,-0.23132511316409976,3.9849910736083984
-12.630565818808194,-0.23132511316409976,3.9849910736083984
-12.630565818808194,-0.23132511316409976,3.9849910736083984
-12.604963997584612,-0.23300740582554663,3.9849910736083984
-12.604963997584612,-0.23300740582554663,3.9849910736083984
-12.604963997584612,-0.23300740582554663,3.9849910736083984
-12.604963997584612,-0.23300740582554663,3.9849910736083984
-12.60119662282922,-0.24318843720473224,3.9849910736083984
-12.60119662282922,-0.24318843720473224,3.9849910736083984
-12.60119662282922,-0.24318843720473224,3.9849910736083984
-12.60119662282922,-0.24318843720473224,3.9849910736083984
-12.554662861531897,-0.2465934186984146,3.9849910736083984
-12.554662861531897,-0.2465934186984146,3.9849910736083984
-12.554662861531897,-0.2465934186984146,3.9849910736083984
-12.554662861531897,-0.2465934186984146,3.9849910736083984
-12.541617606515903,-0.25205210469779393,3.9849910736083984
-12.541617606515903,-0.25205210469779393,3.9849910736083984
-12.541617606515903,-0.25205210469779393,3.9849910736083984
-12.541617606515903,-0.25205210469779393,3.9849910736083984
-12.498053332947428,-0.24668786872815812,3.9849910736083984
-12.498053332947428,-0.24668786872815812,3.9849910736083984
-12.498053332947428,-0.24668786872815812,3.9849910736083984
-12.498053332947428,-0.24668786872815812,3.9849910736083984
-12.441659148205062,-0.2443942779457058,3.9849910736083984
-12.441659148205062,-0.2443942779457058,3.9849910736083984
-12.441659148205062,-0.2443942779457058,3.9849910736083984
-12.441659148205062,-0.2443942779457058,3.9849910736083984
-12.404440036191575,-0.2421212023824851,3.9849910736083984
-12.404440036191575,-0.2421212023824851,3.9849910736083984
-12.404440036191575,-0.2421212023824851,3.9849910736083984
-12.404440036191575,-0.2421212023824851,3.9849910736083984
-12.37588020916334,-0.24777427369263605,3.9849910736083984
-12.37588020916334,-0.24777427369263605,3.9849910736083984
-12.37588020916334,-0.24777427369263605,3.9849910736083984
-12.37588020916334,-0.24777427369263605,3.9849910736083984
-12.37588020916334,-0.24777427369263605,3.9849910736083984
-12.302230938505106,-0.25523920793065386,3.9849910736083984
-12.302230938505106,-0.25523920793065386,3.9849910736083984
-12.302230938505106,-0.25523920793065386,3.9849910736083984
-12.302230938505106,-0.25523920793065386,3.9849910736083984
-12.243428265816126,-0.2682679001349981,3.9849910736083984
-12.243428265816126,-0.2682679001349981,3.9849910736083984
-12.243428265816126,-0.2682679001349981,3.9849910736083984
-12.243428265816126,-0.2682679001349981,3.9849910736083984
-12.243428265816126,-0.2682679001349981,3.9849910736083984
-12.18840358061392,-0.2723798019432685,3.9849910736083984
-12.18840358061392,-0.2723798019432685,3.9849910736083984
-12.18840358061392,-0.2723798019432685,3.9849910736083984
-12.18840358061392,-0.2723798019432685,3.9849910736083984
-12.126133736941943,-0.2787915369985348,3.9849910736083984
-12.126133736941943,-0.2787915369985348,3.9849910736083984
-12.126133736941943,-0.2787915369985348,3.9849910736083984
-12.126133736941943,-0.2787915369985348,3.9849910736083984
-12.036273056408959,-0.2730722317027527,3.9849910736083984
-12.036273056408959,-0.2730722317027527,3.9849910736083984
-12.036273056408959,-0.2730722317027527,3.9849910736083984
-12.036273056408959,-0.2730722317027527,3.9849910736083984
-12.036273056408959,-0.2730722317027527,3.9849910736083984
-11.990507963499114,-0.24663590790465467,3.9849910736083984
-11.990507963499114,-0.24663590790465467,3.9849910736083984
-11.990507963499114,-0.24663590790465467,3.9849910736083984
-11.990507963499114,-0.24663590790465467,3.9849910736083984
-11.920704620172105,-0.23688897167143158,3.9849910736083984
-11.920704620172105,-0.23688897167143158,3.9849910736083984
-11.920704620172105,-0.23688897167143158,3.9849910736083984
-11.920704620172105,-0.23688897167143158,3.9849910736083984
-11.920704620172105,-0.23688897167143158,3.9849910736083984
-11.827157403650292,-0.24528218161324067,3.9849910736083984
-11.827157403650292,-0.24528218161324067,3.9849910736083984
-11.827157403650292,-0.24528218161324067,3.9849910736083984
-11.827157403650292,-0.24528218161324067,3.9849910736083984
-11.747030322750723,-0.2621850331932119,3.9849910736083984
-11.747030322750723,-0.2621850331932119,3.9849910736083984
-11.747030322750723,-0.2621850331932119,3.9849910736083984
-11.747030322750723,-0.2621850331932119,3.9849910736083984
-11.747030322750723,-0.2621850331932119,3.9849910736083984
-11.695986541080858,-0.2818272582970349,3.9849910736083984
-11.695986541080858,-0.2818272582970349,3.9849910736083984
-11.695986541080858,-0.2818272582970349,3.9849910736083984
-11.695986541080858,-0.2818272582970349,3.9849910736083984
-11.601371641004754,-0.2747715386285698,3.9849910736083984
-11.601371641004754,-0.2747715386285698,3.9849910736083984
-11.601371641004754,-0.2747715386285698,3.9849910736083984
-11.601371641004754,-0.2747715386285698,3.9849910736083984
-11.601371641004754,-0.2747715386285698,3.9849910736083984
-11.49721498482303,-0.2474740139708616,3.9849910736083984
-11.49721498482303,-0.2474740139708616,3.9849910736083984
-11.49721498482303,-0.2474740139708616,3.9849910736083984
-11.49721498482303,-0.2474740139708616,3.9849910736083984
-11.49721498482303,-0.2474740139708616,3.9849910736083984
-11.402892408955386,-0.24827779887458906,3.9849910736083984
-11.402892408955386,-0.24827779887458906,3.9849910736083984
-11.402892408955386,-0.24827779887458906,3.9849910736083984
-11.402892408955386,-0.24827779887458906,3.9849910736083984
-11.402892408955386,-0.24827779887458906,3.9849910736083984
-11.402892408955386,-0.24827779887458906,3.9849910736083984
-11.29515246560406,-0.2442227768011249,3.9849910736083984
-11.29515246560406,-0.2442227768011249,3.9849910736083984
-11.29515246560406,-0.2442227768011249,3.9849910736083984
-11.29515246560406,-0.2442227768011249,3.9849910736083984
-11.29515246560406,-0.2442227768011249,3.9849910736083984
-11.29515246560406,-0.2442227768011249,3.9849910736083984
-11.29515246560406,-0.2442227768011249,3.9849910736083984
-11.192689309837965,-0.24150558896606975,3.9849910736083984
-11.192689309837965,-0.24150558896606975,3.9849910736083984
-11.192689309837965,-0.24150558896606975,3.9849910736083984
-11.192689309837965,-0.24150558896606975,3.9849910736083984
-11.192689309837965,-0.24150558896606975,3.9849910736083984
-11.192689309837965,-0.24150558896606975,3.9849910736083984
-11.192689309837965,-0.24150558896606975,3.9849910736083984
-11.01846500634952,-0.2370094498588528,3.9849910736083984
-11.01846500634952,-0.2370094498588528,3.9849910736083984
-11.01846500634952,-0.2370094498588528,3.9849910736083984
-11.01846500634952,-0.2370094498588528,3.9849910736083984
-11.01846500634952,-0.2370094498588528,3.9849910736083984
-11.01846500634952,-0.2370094498588528,3.9849910736083984
-11.01846500634952,-0.2370094498588528,3.9849910736083984
-10.835902334539218,-0.2383805100811019,3.9849910736083984
-10.835902334539218,-0.2383805100811019,3.9849910736083984
-10.835902334539218,-0.2383805100811019,3.9849910736083984
-10.835902334539218,-0.2383805100811019,3.9849910736083984
-10.835902334539218,-0.2383805100811019,3.9849910736083984
-10.835902334539218,-0.2383805100811019,3.9849910736083984
-10.649770952324584,-0.24035048463155767,3.9849910736083984
-10.649770952324584,-0.24035048463155767,3.9849910736083984
-10.649770952324584,-0.24035048463155767,3.9849910736083984
-10.649770952324584,-0.24035048463155767,3.9849910736083984
-10.649770952324584,-0.24035048463155767,3.9849910736083984
-10.649770952324584,-0.24035048463155767,3.9849910736083984
-10.649770952324584,-0.24035048463155767,3.9849910736083984
-10.513290970272042,-0.25055801178159165,3.9849910736083984
-10.513290970272042,-0.25055801178159165,3.9849910736083984
-10.513290970272042,-0.25055801178159165,3.9849910736083984
-10.513290970272042,-0.25055801178159165,3.9849910736083984
-10.513290970272042,-0.25055801178159165,3.9849910736083984
-10.332449321792197,-0.25720549352187255,3.9849910736083984
-10.332449321792197,-0.25720549352187255,3.9849910736083984
-10.332449321792197,-0.25720549352187255,3.9849910736083984
-10.332449321792197,-0.25720549352187255,3.9849910736083984
-10.332449321792197,-0.25720549352187255,3.9849910736083984
-10.20304805124221,-0.25304138451178865,3.9849910736083984
-10.20304805124221,-0.25304138451178865,3.9849910736083984
-10.20304805124221,-0.25304138451178865,3.9849910736083984
-10.20304805124221,-0.25304138451178865,3.9849910736083984
-10.079587631354178,-0.2489706794660254,3.9849910736083984
-10.079587631354178,-0.2489706794660254,3.9849910736083984
-10.079587631354178,-0.2489706794660254,3.9849910736083984
-10.079587631354178,-0.2489706794660254,3.9849910736083984
-10.079587631354178,-0.2489706794660254,3.9849910736083984
-9.931828089515626,-0.24268936436089983,3.9849910736083984
-9.931828089515626,-0.24268936436089983,3.9849910736083984
-9.931828089515626,-0.24268936436089983,3.9849910736083984
-9.931828089515626,-0.24268936436089983,3.9849910736083984
-9.931828089515626,-0.24268936436089983,3.9849910736083984
-9.931828089515626,-0.24268936436089983,3.9849910736083984
-9.79352905063884,-0.23690766625459367,3.9849910736083984
-9.79352905063884,-0.23690766625459367,3.9849910736083984
-9.79352905063884,-0.23690766625459367,3.9849910736083984
-9.79352905063884,-0.23690766625459367,3.9849910736083984
-9.79352905063884,-0.23690766625459367,3.9849910736083984
-9.663078499365843,-0.2305478984522924,3.9849910736083984
-9.663078499365843,-0.2305478984522924,3.9849910736083984
-9.663078499365843,-0.2305478984522924,3.9849910736083984
-9.663078499365843,-0.2305478984522924,3.9849910736083984
-9.663078499365843,-0.2305478984522924,3.9849910736083984
-9.515198674591847,-0.25276613442122703,3.9849910736083984
-9.515198674591847,-0.25276613442122703,3.9849910736083984
-9.515198674591847,-0.25276613442122703,3.9849910736083984
-9.515198674591847,-0.25276613442122703,3.9849910736083984
-9.376931360576718,-0.2447016765268818,3.9849910736083984
-9.376931360576718,-0.2447016765268818,3.9849910736083984
-9.376931360576718,-0.2447016765268818,3.9849910736083984
-9.376931360576718,-0.2447016765268818,3.9849910736083984
-9.376931360576718,-0.2447016765268818,3.9849910736083984
-9.202875748512495,-0.22728096063119319,3.9849910736083984
-9.202875748512495,-0.22728096063119319,3.9849910736083984
-9.202875748512495,-0.22728096063119319,3.9849910736083984
-9.202875748512495,-0.22728096063119319,3.9849910736083984
-9.202875748512495,-0.22728096063119319,3.9849910736083984
-9.05601433857742,-0.2033383430071806,3.9849910736083984
-9.05601433857742,-0.2033383430071806,3.9849910736083984
-9.05601433857742,-0.2033383430071806,3.9849910736083984
-9.05601433857742,-0.2033383430071806,3.9849910736083984
-8.896505647769109,-0.1883501984455938,3.9849910736083984
-8.896505647769109,-0.1883501984455938,3.9849910736083984
-8.896505647769109,-0.1883501984455938,3.9849910736083984
-8.896505647769109,-0.1883501984455938,3.9849910736083984
-8.896505647769109,-0.1883501984455938,3.9849910736083984
-8.726526863983258,-0.17705870777234572,3.9849910736083984
-8.726526863983258,-0.17705870777234572,3.9849910736083984
-8.726526863983258,-0.17705870777234572,3.9849910736083984
-8.726526863983258,-0.17705870777234572,3.9849910736083984
-8.726526863983258,-0.17705870777234572,3.9849910736083984
-8.640774504973185,-0.18606439631106014,3.9849910736083984
-8.640774504973185,-0.18606439631106014,3.9849910736083984
-8.640774504973185,-0.18606439631106014,3.9849910736083984
-8.640774504973185,-0.18606439631106014,3.9849910736083984
-8.640774504973185,-0.18606439631106014,3.9849910736083984
-8.47422761136551,-0.20413849900262893,3.9849910736083984
-8.47422761136551,-0.20413849900262893,3.9849910736083984
-8.47422761136551,-0.20413849900262893,3.9849910736083984
-8.47422761136551,-0.20413849900262893,3.9849910736083984
-8.47422761136551,-0.20413849900262893,3.9849910736083984
-8.31787693212181,-0.2084563435237338,3.9849910736083984
-8.31787693212181,-0.2084563435237338,3.9849910736083984
-8.31787693212181,-0.2084563435237338,3.9849910736083984
-8.31787693212181,-0.2084563435237338,3.9849910736083984
-8.31787693212181,-0.2084563435237338,3.9849910736083984
-8.147905168228142,-0.20425844372281246,3.9849910736083984
-8.147905168228142,-0.20425844372281246,3.9849910736083984
-8.147905168228142,-0.20425844372281246,3.9849910736083984
-8.147905168228142,-0.20425844372281246,3.9849910736083984
-8.147905168228142,-0.20425844372281246,3.9849910736083984
-7.991818590007014,-0.18846165047302532,3.9849910736083984
-7.991818590007014,-0.18846165047302532,3.9849910736083984
-7.991818590007014,-0.18846165047302532,3.9849910736083984
-7.991818590007014,-0.18846165047302532,3.9849910736083984
-7.991818590007014,-0.18846165047302532,3.9849910736083984
-7.826998171906185,-0.168988290767621,3.9849910736083984
-7.826998171906185,-0.168988290767621,3.9849910736083984
-7.826998171906185,-0.168988290767621,3.9849910736083984
-7.826998171906185,-0.168988290767621,3.9849910736083984
-7.651084030706244,-0.1572980998662962,3.9849910736083984
-7.651084030706244,-0.1572980998662962,3.9849910736083984
-7.651084030706244,-0.1572980998662962,3.9849910736083984
-7.651084030706244,-0.1572980998662962,3.9849910736083984
-7.651084030706244,-0.1572980998662962,3.9849910736083984
-7.490543618139715,-0.14363155014087783,3.9849910736083984
-7.490543618139715,-0.14363155014087783,3.9849910736083984
-7.490543618139715,-0.14363155014087783,3.9849910736083984
-7.490543618139715,-0.14363155014087783,3.9849910736083984
-7.490543618139715,-0.14363155014087783,3.9849910736083984
-7.318742358951657,-0.1330374324328272,3.9849910736083984
-7.318742358951657,-0.1330374324328272,3.9849910736083984
-7.318742358951657,-0.1330374324328272,3.9849910736083984
-7.318742358951657,-0.1330374324328272,3.9849910736083984
-7.318742358951657,-0.1330374324328272,3.9849910736083984
-7.139988679744576,-0.12325324145773965,3.9849910736083984
-7.139988679744576,-0.12325324145773965,3.9849910736083984
-7.139988679744576,-0.12325324145773965,3.9849910736083984
-7.139988679744576,-0.12325324145773965,3.9849910736083984
-6.971691305269007,-0.13246122641361732,3.9849910736083984
-6.971691305269007,-0.13246122641361732,3.9849910736083984
-6.971691305269007,-0.13246122641361732,3.9849910736083984
-6.971691305269007,-0.13246122641361732,3.9849910736083984
-6.971691305269007,-0.13246122641361732,3.9849910736083984
-6.971691305269007,-0.13246122641361732,3.9849910736083984
-6.818043257560593,-0.12252928140110034,3.9849910736083984
-6.818043257560593,-0.12252928140110034,3.9849910736083984
-6.818043257560593,-0.12252928140110034,3.9849910736083984
-6.818043257560593,-0.12252928140110034,3.9849910736083984
-6.642607999641776,-0.09410686314411008,3.9849910736083984
-6.642607999641776,-0.09410686314411008,3.9849910736083984
-6.642607999641776,-0.09410686314411008,3.9849910736083984
-6.642607999641776,-0.09410686314411008,3.9849910736083984
-6.642607999641776,-0.09410686314411008,3.9849910736083984
-6.455638036937907,-0.061726318275361694,3.9849910736083984
-6.455638036937907,-0.061726318275361694,3.9849910736083984
-6.455638036937907,-0.061726318275361694,3.9849910736083984
-6.455638036937907,-0.061726318275361694,3.9849910736083984
-6.455638036937907,-0.061726318275361694,3.9849910736083984
-6.301262789131586,-0.05588136586834731,3.9849910736083984
-6.301262789131586,-0.05588136586834731,3.9849910736083984
-6.301262789131586,-0.05588136586834731,3.9849910736083984
-6.301262789131586,-0.05588136586834731,3.9849910736083984
-6.301262789131586,-0.05588136586834731,3.9849910736083984
-6.216779067290528,-0.060039404255691896,3.9849910736083984
-6.216779067290528,-0.060039404255691896,3.9849910736083984
-6.216779067290528,-0.060039404255691896,3.9849910736083984
-6.216779067290528,-0.060039404255691896,3.9849910736083984
-6.216779067290528,-0.060039404255691896,3.9849910736083984
-6.031935697789966,-0.07115191123710338,3.9849910736083984
-6.031935697789966,-0.07115191123710338,3.9849910736083984
-6.031935697789966,-0.07115191123710338,3.9849910736083984
-6.031935697789966,-0.07115191123710338,3.9849910736083984
-5.913468085128444,-0.08405541652528226,3.9849910736083984
-5.913468085128444,-0.08405541652528226,3.9849910736083984
-5.913468085128444,-0.08405541652528226,3.9849910736083984
-5.913468085128444,-0.08405541652528226,3.9849910736083984
-5.913468085128444,-0.08405541652528226,3.9849910736083984
-5.783567460681075,-0.08830322827555703,3.9849910736083984
-5.783567460681075,-0.08830322827555703,3.9849910736083984
-5.783567460681075,-0.08830322827555703,3.9849910736083984
-5.783567460681075,-0.08830322827555703,3.9849910736083984
-5.6062383543676155,-0.0679389299300852,3.9849910736083984
-5.6062383543676155,-0.0679389299300852,3.9849910736083984
-5.6062383543676155,-0.0679389299300852,3.9849910736083984
-5.6062383543676155,-0.0679389299300852,3.9849910736083984
-5.6062383543676155,-0.0679389299300852,3.9849910736083984
-5.419838712335389,-0.06272042590184036,3.9849910736083984
-5.419838712335389,-0.06272042590184036,3.9849910736083984
-5.419838712335389,-0.06272042590184036,3.9849910736083984
-5.419838712335389,-0.06272042590184036,3.9849910736083984
-5.419838712335389,-0.06272042590184036,3.9849910736083984
-5.220232761684189,-0.0721552561202717,3.9849910736083984
-5.220232761684189,-0.0721552561202717,3.9849910736083984
-5.220232761684189,-0.0721552561202717,3.9849910736083984
-5.220232761684189,-0.0721552561202717,3.9849910736083984
-5.0512601135025195,-0.04057656430118541,3.9849910736083984
-5.0512601135025195,-0.04057656430118541,3.9849910736083984
-5.0512601135025195,-0.04057656430118541,3.9849910736083984
-5.0512601135025195,-0.04057656430118541,3.9849910736083984
-5.0512601135025195,-0.04057656430118541,3.9849910736083984
-5.006316486068959,-0.017720518531946772,3.9849910736083984
-5.006316486068959,-0.017720518531946772,3.9849910736083984
-5.006316486068959,-0.017720518531946772,3.9849910736083984
-5.006316486068959,-0.017720518531946772,3.9849910736083984
-4.799495712383751,-0.021008698161768206,3.9849910736083984
-4.799495712383751,-0.021008698161768206,3.9849910736083984
-4.799495712383751,-0.021008698161768206,3.9849910736083984
-4.799495712383751,-0.021008698161768206,3.9849910736083984
-4.799495712383751,-0.021008698161768206,3.9849910736083984
-4.799495712383751,-0.021008698161768206,3.9849910736083984
-4.630593405876609,-0.03454363185115675,3.9849910736083984
-4.630593405876609,-0.03454363185115675,3.9849910736083984
-4.630593405876609,-0.03454363185115675,3.9849910736083984
-4.630593405876609,-0.03454363185115675,3.9849910736083984
-4.630593405876609,-0.03454363185115675,3.9849910736083984
-4.431666398935508,-0.05762205552981984,3.9849910736083984
-4.431666398935508,-0.05762205552981984,3.9849910736083984
-4.431666398935508,-0.05762205552981984,3.9849910736083984
-4.431666398935508,-0.05762205552981984,3.9849910736083984
-4.431666398935508,-0.05762205552981984,3.9849910736083984
-4.257622044630817,-0.08014787600654202,3.9849910736083984
-4.257622044630817,-0.08014787600654202,3.9849910736083984
-4.257622044630817,-0.08014787600654202,3.9849910736083984
-4.257622044630817,-0.08014787600654202,3.9849910736083984
-4.076219194496937,-0.09639656309283656,3.9849910736083984
-4.076219194496937,-0.09639656309283656,3.9849910736083984
-4.076219194496937,-0.09639656309283656,3.9849910736083984
-4.076219194496937,-0.09639656309283656,3.9849910736083984
-4.076219194496937,-0.09639656309283656,3.9849910736083984
-3.9043594166513502,-0.11530982595196006,3.9849910736083984
-3.9043594166513502,-0.11530982595196006,3.9849910736083984
-3.9043594166513502,-0.11530982595196006,3.9849910736083984
-3.9043594166513502,-0.11530982595196006,3.9849910736083984
-3.9043594166513502,-0.11530982595196006,3.9849910736083984
-3.743700602890104,-0.13055512945712117,3.9849910736083984
-3.743700602890104,-0.13055512945712117,3.9849910736083984
-3.743700602890104,-0.13055512945712117,3.9849910736083984
-3.743700602890104,-0.13055512945712117,3.9849910736083984
-3.743700602890104,-0.13055512945712117,3.9849910736083984
-3.5804881960426953,-0.15104032596016076,3.9849910736083984
-3.5804881960426953,-0.15104032596016076,3.9849910736083984
-3.5804881960426953,-0.15104032596016076,3.9849910736083984
-3.5804881960426953,-0.15104032596016076,3.9849910736083984
-3.5804881960426953,-0.15104032596016076,3.9849910736083984
-3.5804881960426953,-0.15104032596016076,3.9849910736083984
-3.434631833107412,-0.1585391267870132,3.9849910736083984
-3.434631833107412,-0.1585391267870132,3.9849910736083984
-3.434631833107412,-0.1585391267870132,3.9849910736083984
-3.434631833107412,-0.1585391267870132,3.9849910736083984
-3.434631833107412,-0.1585391267870132,3.9849910736083984
-3.2438643820746655,-0.15723780064059337,3.9849910736083984
-3.2438643820746655,-0.15723780064059337,3.9849910736083984
-3.2438643820746655,-0.15723780064059337,3.9849910736083984
-3.2438643820746655,-0.15723780064059337,3.9849910736083984
-3.2438643820746655,-0.15723780064059337,3.9849910736083984
-3.0782335741452442,-0.14139442975844704,3.9849910736083984
-3.0782335741452442,-0.14139442975844704,3.9849910736083984
-3.0782335741452442,-0.14139442975844704,3.9849910736083984
-3.0782335741452442,-0.14139442975844704,3.9849910736083984
-3.0782335741452442,-0.14139442975844704,3.9849910736083984
-2.9115159181849584,-0.12347450008366526,3.9849910736083984
-2.9115159181849584,-0.12347450008366526,3.9849910736083984
-2.9115159181849584,-0.12347450008366526,3.9849910736083984
-2.9115159181849584,-0.12347450008366526,3.9849910736083984
-2.9115159181849584,-0.12347450008366526,3.9849910736083984
-2.7001101200556725,-0.10749499771806409,3.9849910736083984
-2.7001101200556725,-0.10749499771806409,3.9849910736083984
-2.7001101200556725,-0.10749499771806409,3.9849910736083984
-2.7001101200556725,-0.10749499771806409,3.9849910736083984
-2.7001101200556725,-0.10749499771806409,3.9849910736083984
-2.4842288498948144,-0.09290077766732557,3.9849910736083984
-2.4842288498948144,-0.09290077766732557,3.9849910736083984
-2.4842288498948144,-0.09290077766732557,3.9849910736083984
-2.4842288498948144,-0.09290077766732557,3.9849910736083984
-2.4842288498948144,-0.09290077766732557,3.9849910736083984
-2.3165915211180677,-0.09036653756627328,3.9849910736083984
-2.3165915211180677,-0.09036653756627328,3.9849910736083984
-2.3165915211180677,-0.09036653756627328,3.9849910736083984
-2.3165915211180677,-0.09036653756627328,3.9849910736083984
-2.3165915211180677,-0.09036653756627328,3.9849910736083984
-2.1500287408276293,-0.1075625146620312,3.9849910736083984
-2.1500287408276293,-0.1075625146620312,3.9849910736083984
-2.1500287408276293,-0.1075625146620312,3.9849910736083984
-2.1500287408276293,-0.1075625146620312,3.9849910736083984
-2.1500287408276293,-0.1075625146620312,3.9849910736083984
-1.9192299778582826,-0.11724613890255595,3.9849910736083984
-1.9192299778582826,-0.11724613890255595,3.9849910736083984
-1.9192299778582826,-0.11724613890255595,3.9849910736083984
-1.9192299778582826,-0.11724613890255595,3.9849910736083984
-1.9192299778582826,-0.11724613890255595,3.9849910736083984
-1.9192299778582826,-0.11724613890255595,3.9849910736083984
-1.727163513894233,-0.11880308264587801,3.9849910736083984
-1.727163513894233,-0.11880308264587801,3.9849910736083984
-1.727163513894233,-0.11880308264587801,3.9849910736083984
-1.727163513894233,-0.11880308264587801,3.9849910736083984
-1.727163513894233,-0.11880308264587801,3.9849910736083984
-1.5232140619840164,-0.10635732724807286,3.9849910736083984
-1.5232140619840164,-0.10635732724807286,3.9849910736083984
-1.5232140619840164,-0.10635732724807286,3.9849910736083984
-1.5232140619840164,-0.10635732724807286,3.9849910736083984
-1.5232140619840164,-0.10635732724807286,3.9849910736083984
-1.3357250747915572,-0.1056809177174281,3.9849910736083984
-1.3357250747915572,-0.1056809177174281,3.9849910736083984
-1.3357250747915572,-0.1056809177174281,3.9849910736083984
-1.3357250747915572,-0.1056809177174281,3.9849910736083984
-1.3357250747915572,-0.1056809177174281,3.9849910736083984
