x,y
-69.182,53.80300000000001
-68.61330196866417,53.84826980313359
-68.03758142591975,53.861000000000004
-67.46122595669962,53.861000000000004
-66.8848704874795,53.861000000000004
-66.30922481306335,53.84393540108863
-65.73336579182421,53.83200000000001
-65.1570103226041,53.83200000000001
-64.58065485338396,53.83200000000001
-64.00429938416384,53.83200000000001
-63.42794391494371,53.83200000000001
-62.851588445723586,53.83200000000001
-62.27523297650346,53.83200000000001
-61.70064275710102,53.81766068927526
-61.12609210120611,53.80300000000001
-60.55658260333348,53.774
-59.986379579270746,53.71600000000001
-59.41711811114368,53.662059055571845
-58.85001321932296,53.60000000000001
-58.27981019526022,53.542
-57.70878370294278,53.48759456764759
-57.134327021248254,53.45500000000001
-56.566341626802696,53.39667081340134
-56.00625453704141,53.28850100823142
-55.44315194956883,53.194
-54.883042853926966,53.078
-54.32293375828512,52.962
-53.762447952197235,52.85224132536621
-53.20062935686479,52.74589410196138
-52.63975493774538,52.63535855364154
-52.07888051862597,52.52482300532172
-51.51800609950656,52.414287457001876
-50.95713168038714,52.303751908682045
-50.396257261267735,52.193216360362214
-49.83538284214833,52.08268081204238
-49.27450842302892,51.97214526372257
-48.713859452511116,51.860000000000014
-48.15375035686926,51.744000000000014
-47.593641261227404,51.628000000000014
-47.03353216558555,51.512
-46.47279330815134,51.4052988846919
-45.91051217087214,51.301003477392044
-45.349637751752724,51.19046792907221
-44.788763332633316,51.07993238075238
-44.2278889135139,50.96939683243255
-43.66701449439449,50.85886128411272
-43.10456199020905,50.75478099510454
-42.54481588852896,50.64200000000001
-41.9847067928871,50.52600000000001
-41.42459769724525,50.41000000000001
-40.863626644887425,50.30610444081458
-40.300921088242156,50.20369173949777
-39.74004666912275,50.09315619117794
-39.18045296861984,49.98172648430992
-38.61620870711422,49.888000000000005
-38.05609961147236,49.772000000000006
-37.49597891282991,49.657829818804984
-36.93482768208981,49.54852219488281
-36.37075289957102,49.44993822489276
-35.806070635540635,49.35379347456458
-35.24110880734242,49.250000000000014
-34.67459395601077,49.16035421244685
-34.10958358777862,49.07600000000001
-33.54046540992868,49.000546540992886
-32.974775235637814,48.9233876178189
-32.40962114325712,48.84400000000001
-31.839455461483,48.78195462179026
-31.271167644254668,48.72431676442548
-30.701011796698303,48.664910163336216
-30.132586888155714,48.61200000000001
-29.557677811948096,48.58300000000001
-28.989614707087973,48.525000000000006
-28.420332976332347,48.491433297633236
-27.84519613300771,48.46700000000001
-27.276700603502462,48.41767006035026
-26.700777558927456,48.409000000000006
-26.131341172865646,48.37853411728658
-25.5563589848472,48.35100000000001
-24.980003515627075,48.35100000000001
-24.411335243702595,48.30513352437028
-23.835584941546827,48.293000000000006
-23.259229472326695,48.293000000000006
-22.688103859844034,48.235000000000014
-22.11174839062391,48.235000000000014
-21.540792615191698,48.190708419562895
-20.965058973826977,48.17700000000001
-20.393446138703,48.14712051155858
-19.818260330316576,48.119000000000014
-19.24350056107164,48.10916685369055
-18.671461686806197,48.06100000000001
-18.09510621758605,48.06100000000001
-17.526802962498408,48.003
-16.950447493278276,48.003
-16.379879951365993,47.94798999594717
-15.803648849767868,47.94500000000001
-15.227344180766735,47.943778681730564
-14.658990125460093,47.887
-14.087904105672166,47.85286757903826
-13.530634235029012,47.724526847005805
-13.020451735721124,47.47222586786056
-12.592288070459418,47.09328807045942
-12.306494810514238,46.597989621028475
-12.197000000000003,46.04534245107055
-12.259678958699354,45.48092624780391
-12.44368899751089,44.93816267330429
-12.677171095022118,44.414438539970504
-12.962693648889612,43.91528611444319
-13.265949656857856,43.4291006862843
-13.591872357719268,42.96065955285093
-13.922700925401642,42.49259814919674
-14.274767543006902,42.039232456993105
-14.627916891246343,41.588499730504395
-14.995099666325373,41.147028952770995
-15.373327495152125,40.715784588989195
-15.760326718547034,40.29267328145298
-16.167871579206533,39.88512842079348
-16.575416439866046,39.47758356013395
-17.016311315933294,39.11184434203335
-17.467825778614866,38.75773937710812
-17.938340333510993,38.433329833244514
-18.41007427367066,38.11046286316467
-18.91253789726214,37.830231051368926
-19.41500152085362,37.5499992395732
-19.930509524205632,37.29224523789719
-20.456452259095258,37.05827387045238
-20.983152065167452,36.82593482921395
-21.52385932565327,36.63365626973871
-22.066717553725404,36.45132061156866
-22.615025656798544,36.283487171600726
-23.169257617008498,36.151371191495755
-23.726727248156003,36.045659093980504
-24.294476514088167,35.966507828637276
-24.857608272602178,35.87421742976345
-25.425014481191326,35.80322061320098
-25.992752674465223,35.73972473255348
-26.56207639898824,35.70700000000001
-27.130139503848376,35.649
-27.70095293130327,35.67247646565164
-28.27455807792863,35.70700000000001
-28.841513566046196,35.7787567830231
-29.405568802981932,35.85650764477579
-29.96889438663115,35.95397653036248
-30.535216199147307,36.026928745377035
-31.10331611553365,36.08673161155336
-31.67346377640471,36.14622397967317
-32.241849408793485,36.2
-32.80991251365361,36.25800000000001
-33.37719900194093,36.330022111326784
-33.93663286265425,36.432
-34.49701571672131,36.54300261945356
-35.05864613037113,36.65018460867748
-35.61659092881478,36.77689773220371
-36.17757558764798,36.88702159647086
-36.73845000676738,36.99755714479069
-37.2993244258868,37.10809269311051
-37.86019884500621,37.21862824143035
-38.41778109704275,37.346695274260696
-38.97912830228306,37.455465229223734
-39.54000272140247,37.566000777543564
-40.10170963826052,37.673427409565136
-40.66400869933039,37.770502174832615
-41.231520508652,37.855760254326
-41.79789931515271,37.921449657576346
-42.36842924954246,37.96900000000001
-42.94465765545108,37.96594519537908
-43.514569752755264,37.9004287809056
-44.07859896248764,37.80448020750248
-44.6291379664546,37.64565515723375
-45.16319508306721,37.42993497231093
-45.67142309100348,37.16105127266435
-46.155147317737395,36.85292634113132
-46.61557378010761,36.51199794240584
-47.04078949331228,36.12721050668773
-47.42155056959436,35.698227920463594
-47.75807060483827,35.23310115322644
-48.057872056115194,34.742223901798425
-48.2855129182813,34.213965551249885
-48.46883787489576,33.669486375312744
-48.58876292384973,33.10832976652597
-48.65832212618329,32.54145661198386
-48.679,31.966039112153325
-48.650000000000006,31.391130035945707
-48.57099420003913,30.82496520023477
-48.443032198309226,30.268128793236883
-48.25534980706374,29.72669961412747
-48.03339063292774,29.195781265855487
-47.775636631251736,28.680273262503476
-47.495404819456,28.177809638911995
-47.215173007660255,27.675346015320507
-46.93494119586452,27.172882391729026
-46.676991838468986,26.657487757703485
-46.39695538239276,26.154910764785527
-46.11672357059703,25.65244714119406
-45.84333967740898,25.14600951611346
-45.56545562372229,24.642183435583448
-45.276028135209806,24.14505627041961
-44.99549916692046,23.642248750380695
-44.70392539065511,23.145850781310223
-44.411602564056885,22.650403846085325
-44.109745051884026,22.160490103768048
-43.82770596119331,21.658558941789963
-43.52660351022113,21.168207020442267
-43.257410495533584,20.658820991067174
-42.96593977867798,20.16287955735595
-42.68570796688224,19.660415933764483
-42.40547615508649,19.157952310172988
-42.10392676414871,18.67085352829742
-41.78114782867079,18.19929565734158
-41.421425631516854,17.75148643601927
-41.01546212996094,17.342462129960943
-40.5939000667878,16.949900066787805
-40.1301506846035,16.613575342301758
-39.64221140917114,16.313474272780766
-39.11912816842444,16.074173063159172
-38.573421103254645,15.893210551627327
-38.01648355031947,15.761852442948424
-37.45166091985721,15.668000000000006
-36.877550630687054,15.658204114109417
-36.30970753191578,15.724753860734943
-35.742050776212075,15.805135603398277
-35.19171343246687,15.964257313506629
-34.64117569489444,16.1252060762764
-34.11529830883792,16.358157867640905
-33.60116253406862,16.613891643954254
-33.11940186846797,16.921398365090532
-32.68131306803096,17.292499495083597
-32.28740833754221,17.711183324915595
-31.92858834855506,18.15911747716742
-31.59077032909631,18.623075605084438
-31.252879148168432,19.086401064789456
-30.923940012457095,19.55609997923819
-30.58377691588904,20.016446168221933
-30.193536577292775,20.436463422707227
-29.783516497637123,20.84098900157526
-29.34971244621881,21.214906294817666
-28.89946416135497,21.570267919322525
-28.449211041291264,21.925676250321786
-27.993225553264644,22.272812038946135
-27.530918061698912,22.609734948584247
-27.057499692797613,22.929000204801596
-26.562641730965282,23.21717913451735
-26.047133727613264,23.47493313619337
-25.528271499525218,23.725455071632055
-24.993403189796496,23.93731936204071
-24.448946455565086,24.114526772217467
-23.896654655776494,24.266869068844706
-23.339303605751716,24.38628273237473
-22.781666786399946,24.50066663245716
-22.217467048944307,24.60000000000001
-21.655838575105584,24.684580712447215
-21.08620666736241,24.745000000000005
-20.5112975911548,24.774000000000008
-19.941982262797495,24.807668144766872
-19.37134491899191,24.861000000000004
-18.795490745919338,24.87105092540807
-18.22478642570904,24.919000000000004
-17.648865544995346,24.92771344550048
-17.078227932426145,24.977000000000004
-16.502128517638837,24.983155956863442
-15.931429288915766,25.035000000000004
-15.355073819695633,25.035000000000004
-14.77991794525009,25.063840171229174
-14.210415095387887,25.093000000000004
-13.634059626167755,25.093000000000004
-13.057704156947622,25.093000000000004
-12.481348687727476,25.093000000000004
-11.904993218507371,25.093000000000004
-11.328637749287239,25.093000000000004
-10.753451556957856,25.067222868814348
-10.177242280345425,25.064000000000007
-9.607732782472794,25.035000000000004
-9.031377313252662,25.035000000000004
-8.45502184403253,25.035000000000004
-7.8786663748124255,25.035000000000004
-7.302310905592279,25.035000000000004
-6.729525499515063,25.064000000000007
-6.153660504636122,25.073833949536393
-5.578260954087327,25.093000000000004
-5.00190548486718,25.093000000000004
-4.4255500156470475,25.093000000000004
-3.8491945464269435,25.093000000000004
-3.2764091403497133,25.122000000000007
-2.701500064142081,25.151000000000003
-2.1251445949219487,25.151000000000003
-1.5487891257018447,25.151000000000003
-0.9742121585746446,25.165446960356334
-0.40109464341699663,25.209000000000003
0.17526082580315006,25.209000000000003
0.7516162950232541,25.209000000000003
1.3279717642433866,25.209000000000003
1.8960348691035023,25.267000000000003
2.4723903383236205,25.267000000000003
3.048745807543753,25.267000000000003
3.6251012767638855,25.267000000000003
4.193404531851527,25.325000000000003
4.7697600010716315,25.325000000000003
5.346115470291764,25.325000000000003
5.922470939511896,25.325000000000003
6.4909085675554365,25.375490856755547
7.06688951359213,25.383000000000003
7.643244982812263,25.383000000000003
8.219600452032395,25.383000000000003
8.789109949905011,25.412000000000006
9.364259176340155,25.441000000000003
9.940614645560288,25.441000000000003
10.51697011478042,25.441000000000003
11.093325584000524,25.441000000000003
11.662835081873155,25.470000000000006
12.237984308308299,25.49900000000001
12.814339777528431,25.49900000000001
13.390160891967895,25.511846740997328
13.958998501836192,25.55700000000001
14.535353971056324,25.55700000000001
15.111709440276428,25.55700000000001
15.68806490949656,25.55700000000001
16.248922961321043,25.470000000000006
16.805964854920944,25.352517572539533
17.34917780948662,25.169364438102683
17.87772889265264,24.947135553673675
18.37551695503406,24.65988982697956
18.828531775977595,24.31446822402242
19.236076636637122,23.90692336336288
19.62300468211255,23.483794381464953
19.95624830424626,23.02050339150749
20.21400230592225,22.5049953881555
20.433502703897844,21.9762432402554
20.61893535355344,21.43412929289311
20.785678169874927,20.88793098075044
20.935831054348824,20.336337891302357
21.085565226123038,19.78460864326177
21.233629510241798,19.231481959032777
21.39945055788189,18.68419776847248
21.59093330058647,18.14440019648118
21.744875964916815,17.59249614033274
21.910697012556895,17.045211949772423
22.07770308291944,16.496484585402783
22.232400629353066,15.9451987412939
22.405805528239,15.401166830566012
22.566009204010868,14.850972387967438
22.715309681428096,14.298141911431458
22.867880005176005,13.746239989648004
23.04287892836311,13.202726429821318
23.183963011773315,12.648147952906783
23.352108787318485,12.101347276089044
23.520792697788508,11.553243813268935
23.68947660825853,11.005140350448826
23.83806437935189,10.454806861944299
23.879000000000005,9.885094329460472
23.74465656232951,9.338313124658995
23.462279756542586,8.842279756542595
23.071587921955512,8.422587921955511
22.63857704762195,8.046480873018297
22.175965950990317,7.711482975495159
21.710396102557922,7.380396102557924
21.234994601830138,7.066997300915077
20.74720987035495,6.765125922212981
20.257298563203406,6.4675323754689344
19.769652044488183,6.161768029658802
19.254792665009802,5.902896332504909
18.75232904141832,5.622664520709165
18.23682103806631,5.364910519033167
17.721313034714314,5.107156517357161
17.20580503136229,4.849402515681149
16.690297028010292,4.591648514005158
16.156821310439042,4.374607103479683
15.616671043609514,4.18533552180476
15.062108513000908,4.035579669555766
14.510184174183877,3.8840306956973194
13.95726162679685,3.7326308133984227
13.403670807632011,3.5863354038160082
12.85280380103363,3.441401900516823
12.29910842045176,3.3013694734839234
11.746704501001645,3.1506010002225935
11.196349960059521,3.0030583266765944
10.640492589543243,2.868123147385816
10.091084438814477,2.7125140731357504
9.54075934072894,2.5531265567881647
8.98759725409954,2.4077986270497718
8.431317252381163,2.2723293130953053
7.881143872733304,2.1155719363666563
7.328806129690733,1.9621343549484607
6.780126797007469,1.80302113283458
6.224683604079559,1.6657074675732346
5.673141688860227,1.5121902814767054
5.118498684054799,1.3714164473424688
4.567642153832111,1.2149284307664203
4.01162714646307,1.0804067866157752
3.4629080647242176,0.9214846774540462
2.912489680114362,0.7621632267048
2.3587417014139476,0.6162472338046499
1.805570352710859,0.47101563393574963
1.249161445283903,0.3301935742139861
0.6987625256984558,0.17079375428307486
0.14383013720086524,0.030851141600194865
-0.40522422052427487,-0.12338316011650363
-0.9559303322300394,-0.2729651661150072
-1.509521151394864,-0.4192605756974359
-2.066213501797691,-0.5550533754494182
-2.617346252413654,-0.7105577087356068
-3.167745171999101,-0.8699575286665038
-3.7223003810914577,-1.006999999999998
-4.272455716158589,-1.1604092860264217
-4.824758634199938,-1.3083793170999627
-5.38174598099026,-1.4419364952475604
-5.9318969245315,-1.5939742311328615
-6.481043574892354,-1.750840595815383
-7.029722907575604,-1.9099538179292637
-7.58451826702948,-2.0502591335147287
-8.134709161880366,-2.2019353693067387
-8.691038587125973,-2.3425192935629795
-9.241749940113735,-2.500958323352286
-9.796449377390346,-2.6420998616422935
-10.347754762700674,-2.7968343917112506
-10.899133967846453,-2.951188994641072
-11.452609209270875,-3.0982030697569556
-12.006119075993652,-3.2420198459989322
-12.560762080799066,-3.382793680133169
-13.10944141348233,-3.5419069022470495
-13.666027602044139,-3.673337933674027
-14.214706934727417,-3.8324511557879006
-14.76474878314427,-3.987374391572125
-15.318339602309052,-4.133669801154518
-15.873972315467825,-4.276216070103956
-16.426733967265463,-4.423455661210902
-16.975413299948727,-4.582568883324779
-17.527626937378685,-4.730813468689334
-18.080678821193814,-4.8731131368656335
-18.632587996772727,-5.02229399838636
-19.186178815937524,-5.168589407968749
-19.741741707101994,-5.307435426775491
-20.29098626682969,-5.463831044471611
-20.84138518641514,-5.623230864402512
-21.39546615100715,-5.765733075503569
-21.94629215410483,-5.915620478689963
-22.501986471103656,-6.057993235551823
-23.05341221895322,-6.214235369825534
-23.609734824282604,-6.346933706070647
-24.157635961714256,-6.510141324825376
-24.70907665978369,-6.664179443297275
-25.262324707359575,-6.812108235786525
-25.815874870994463,-6.95597219355432
-26.372424359638508,-7.096070726606406
-26.92282327922394,-7.2554705465373175
-27.47761508650433,-7.39613668588985
-28.02892047181468,-7.550871215958807
-28.580374449229232,-7.705187224614615
-29.131199907408146,-7.8509999999999955
-29.685300769068974,-7.989844615348655
-30.23813904606449,-8.136689841010739
-30.788537965649923,-8.29608966094165
-31.3399715296798,-8.451323843226593
-31.895523073797115,-8.58692051229951
-32.443069440915046,-8.737534720457521
-32.99666026007988,-8.883830130039936
-33.54327339303883,-9.045212232173132
-34.10396818370849,-9.126999999999995
-34.65074278881917,-8.992628605590415
-35.08703350750595,-8.624966492494053
-35.428083507000956,-8.167916492999044
-35.69573051677578,-7.659538966448441
-35.95348451845174,-7.1440309630965295
-36.211238520127694,-6.628522959744615
-36.50016441742403,-6.130712269507935
-36.78870307233187,-5.632945391502204
-37.10598656095758,-5.156013439042422
-37.433331281989766,-4.688202461612278
-37.762943249866005,-4.22111350026799
-38.108111960861756,-3.762776078276495
-38.43861074360868,-3.2962671076695855
-38.78255776518919,-2.837130681772969
-39.126504786769694,-2.3779942558763665
-39.46342769640777,-1.9156867643106708
-39.78810376842898,-1.446792463142046
-40.11773602450369,-0.9797167705955658
-40.45497921852683,-0.5190415629463487
-40.77775815400473,-0.047483691990549914
-41.111890850807804,0.41589085080781274
-41.44463360410257,0.880267208205133
-41.76741253958047,1.3518250791609319
-42.10366894174171,1.8136689417417102
-42.43428798967829,2.2795759793565793
-42.75706692515619,2.751133850312378
-43.09142973770576,3.2151156852469143
-43.42835264734383,3.677423176812596
-43.765275556981905,4.139730668378277
-44.091890021727686,4.608780043455361
-44.43074846262569,5.068748462625685
-44.75876547182551,5.536530943651023
-45.08154440730341,6.008088814606822
-45.417839234754304,6.470807081705168
-45.754762144392366,6.933114573270849
-46.09168505403044,7.395422064836531
-46.4163675038749,7.865735007749805
-46.757827983509664,8.32382798350966
-47.08324295397273,8.793485907945453
-47.407778026750606,9.263778026750607
-47.72772862855272,9.73445725710544
-48.04943536765482,10.203870735309643
-48.35098475859261,10.690969517185223
-48.65361254572248,11.180225091444953
-48.93261306855223,11.683919602828347
-49.21427627726564,12.185552554531284
-49.49450808906135,12.688016178122695
-49.76626522961217,13.19539784441826
-50.03249390253306,13.705987805066123
-50.31272571432879,14.20845142865759
-50.58597724461039,14.714965866915591
-50.85071152780049,15.226423055600982
-51.11386505986018,15.738797589790273
-51.38869734127217,16.24439468254434
-51.646451342948126,16.75990268589625
-51.90420534462408,17.27541068924817
-52.16195934630004,17.79091869260008
-52.419713347976,18.30642669595199
-52.67746734965196,18.821934699303917
-52.93522135132792,19.337442702655828
-53.19297535300386,19.852950706007718
-53.42694672044864,20.378893440897286
-53.6847007221246,20.894401444249205
-53.9186720895694,21.420344179138795
-54.174468599360324,21.936760065174077
-54.41039745869015,22.461794917380296
-54.65539074177601,22.983172225328026
-54.9021228278109,23.503245655621797
-55.13609419525568,24.029188390511337
-55.37006556270047,24.555131125400926
-55.618784171854976,25.074829734328283
-55.859432452992706,25.59767572364965
-56.09576229926601,26.12252459853204
-56.32973366671081,26.648467333421628
-56.58159023924004,27.166710558226775
-56.82145903583156,27.689918071663122
-57.05543040327633,28.215860806552655
-57.29016277445783,28.741488323373503
-57.53748446572288,29.261797086686713
-57.77813274686061,29.784643076008095
-58.01509850728668,30.309197014573357
-58.24906987473147,30.83513974946294
-58.490937279530456,31.35781183859136
-58.7407952438522,31.87659048770439
-59.00444959153451,32.38867438730176
-59.296273791282935,32.8844106869244
-59.581652980422646,33.38475496737108
-59.90353587333296,33.85407174666592
-60.22940345058532,34.32340345058533
-60.55850692437634,34.789608309251605
-60.876388623019054,35.26618483069207
-61.187241935779,35.74524193577899
-61.4948930629412,36.22478612588242
-61.8238827260697,36.69085927128364
-62.16782974765022,37.149995697180245
-62.52023622785239,37.60160893249446
-62.88911354780243,38.041627741277736
-63.2626054651322,38.477373042654236
-63.640658762505254,38.908768556256135
-64.04047259226624,39.32347259226624
-64.43702546509267,39.741196375941456
-64.8236524177619,40.164652417761914
-65.23119727842139,40.5721972784214
-65.63874213908088,40.97974213908087
-66.03657579991636,41.396372342761566
-66.42199603684094,41.820996036840924
-66.82954089750038,42.228540897500366
-67.2370857581599,42.63608575815991
-67.6446306188194,43.04363061881941
-68.04977224353836,43.45340095079476
-68.42781044431504,43.88481044431505
-68.83535530497446,44.292355304974464
-69.24290016563394,44.699900165633935
-69.65044502629341,45.10744502629342
-70.057512840296,45.515431647011994
-70.45047787786145,45.936477877861435
-70.84116971244846,46.35616971244846
-71.24871457310795,46.76371457310795
-71.65625943376742,47.17125943376742
-72.0638042944269,47.5788042944269
-72.47134915508641,47.98634915508643
-72.8788940157459,48.393894015745914
-73.28643887640541,48.80143887640541
-73.69698470924018,49.20532313949346
-74.11459281477721,49.6005928147772
-74.52213767543665,50.00813767543664
-74.91415205282402,50.42915205282402
-75.32169691348346,50.836696913483465
-75.69815557502963,51.269386690035546
-76.00121071029281,51.752421420585605
-76.07763481353467,52.30773037293068
-75.87637839833359,52.82624320333285
-75.42693595167988,53.16168801610671
-74.86951593829637,53.25200000000001
-74.2981164934679,53.30878835065322
-73.73051256652926,53.37024371673539
-73.16715889479642,53.462484110520364
-72.59999639563358,53.536000400485165
-72.03459747843785,53.60920126078109
-71.4710772983881,53.68700000000001
-70.90301419352791,53.745000000000005
-70.3278649670928,53.774
-69.75835546922013,53.80300000000001
-69.182,53.80300000000001
